{"name":"c68bb7a6-365e-4138-b404-0daef17a2323","id":"/providers/Microsoft.Flow/flows/c68bb7a6-365e-4138-b404-0daef17a2323","type":"Microsoft.Flow/flows","properties":{"apiId":"/providers/Microsoft.PowerApps/apis/shared_logicflows","displayName":"CSV_LIST_P_1_copy","definition":{"metadata":{"workflowEntityId":null,"processAdvisorMetadata":null,"flowclientsuspensionreason":"None","flowclientsuspensiontime":null,"flowclientsuspensionreasondetails":null,"creator":{"id":"1e92d1b8-1e24-4b02-92c8-905b35bc1ff1","type":"User","tenantId":"c8616767-061b-4409-869d-1a81a1be8c20"},"provisioningMethod":"FromDefinition","failureAlertSubscription":true,"clientLastModifiedTime":"2023-03-19T04:03:24.0243403Z"},"$schema":"https://schema.management.azure.com/providers/Microsoft.Logic/schemas/2016-06-01/workflowdefinition.json#","contentVersion":"1.0.0.0","parameters":{"$connections":{"defaultValue":{},"type":"Object"},"$authentication":{"defaultValue":{},"type":"SecureObject"}},"triggers":{"manual":{"metadata":{"operationMetadataId":"d00aefdc-ac83-4dc2-83f1-9f32a4c7569b"},"type":"Request","kind":"Button","inputs":{"schema":{"type":"object","properties":{},"required":[]}}}},"actions":{"Compose_–new_line":{"runAfter":{"Get_file_content":["Succeeded"]},"metadata":{"operationMetadataId":"15c85e58-ae9b-4e15-9f30-c3f06ed90015"},"type":"Compose","inputs":"\n"},"Get_file_content":{"runAfter":{},"metadata":{"b!hmwrmleR7U2GYPZWypbWqOAkqaBzUmZJqEg5LIgzicaMLcG4e9u9QYqlzF5yqw4P.013X6LPGN5DZ4Z7ZJIP5AKBNDP547MWSCU":"/Employees List (2).csv","operationMetadataId":"b68d94b2-9a7b-456a-b27c-5619d7fe017c","b!hmwrmleR7U2GYPZWypbWqOAkqaBzUmZJqEg5LIgzicaMLcG4e9u9QYqlzF5yqw4P.013X6LPGMO5J734ODBNZBZFPJVPDCJ7Z3N":"/Employeedata.csv"},"type":"OpenApiConnection","inputs":{"host":{"apiId":"/providers/Microsoft.PowerApps/apis/shared_onedriveforbusiness","connectionName":"shared_onedriveforbusiness","operationId":"GetFileContent"},"parameters":{"id":"b!hmwrmleR7U2GYPZWypbWqOAkqaBzUmZJqEg5LIgzicaMLcG4e9u9QYqlzF5yqw4P.013X6LPGMO5J734ODBNZBZFPJVPDCJ7Z3N","inferContentType":true},"authentication":{"value":"@json(decodeBase64(triggerOutputs().headers['X-MS-APIM-Tokens']))['$ConnectionKey']","type":"Raw"}}},"Compose_–_split_by_new_line":{"runAfter":{"Compose_–new_line":["Succeeded"]},"metadata":{"operationMetadataId":"424ff3bf-4e89-4d15-8a3e-ac6c863fdcd1"},"type":"Compose","inputs":"@split(outputs('Get_file_content')?['body'],outputs('Compose_–new_line'))"},"Compose_–_get_field_names":{"runAfter":{"Compose_–_split_by_new_line":["Succeeded"]},"metadata":{"operationMetadataId":"dbe05e93-4101-4b5a-a899-2c007c264fdc"},"type":"Compose","inputs":"@split(first(outputs('Compose_–_split_by_new_line')),',')"},"Select":{"runAfter":{"Compose_–_get_field_names":["Succeeded"]},"metadata":{"operationMetadataId":"16ca6d53-65bd-4da8-8c8f-eeebf29e82c9"},"type":"Select","inputs":{"from":"@skip(outputs('Compose_–_split_by_new_line'),1)","select":{"@{outputs('Compose_–_get_field_names')[0]}":"@split(item(),',')?[0]","@{outputs('Compose_–_get_field_names')[1]}":"@split(item(),',')?[1]","@{outputs('Compose_–_get_field_names')[2]}":"@split(item(),',')?[2]","@{outputs('Compose_–_get_field_names')[3]}":"@split(item(),',')?[3]","@{outputs('Compose_–_get_field_names')[4]}":"@split(item(),',')?[4]","@{outputs('Compose_–_get_field_names')[5]}":"@split(item(),',')?[5]"}}},"Compose":{"runAfter":{"Select":["Succeeded"]},"metadata":{"operationMetadataId":"93a29cf5-c47c-4d00-a139-3e6a46ac577e"},"type":"Compose","inputs":"@take(body('Select'),25)"},"Parse_JSON":{"runAfter":{"Compose":["Succeeded"]},"metadata":{"operationMetadataId":"280f649b-7392-466a-918c-73405a1aca86"},"type":"ParseJson","inputs":{"content":"@outputs('Compose')","schema":{"type":"array","items":{"type":"object","properties":{"HRMID":{"type":"string"},"Name":{"type":"string"},"Contact":{"type":"string"},"Email":{"type":"string"},"EmploymentType":{"type":"string"},"Group":{"type":"string"}},"required":["HRMID","Name","Contact","Email","EmploymentType","Group"]}}}},"Apply_to_each":{"foreach":"@body('Parse_JSON')","actions":{"Get_items":{"runAfter":{},"metadata":{"operationMetadataId":"35eee70b-ccfc-4dc2-8380-78059587ef67"},"type":"OpenApiConnection","inputs":{"host":{"apiId":"/providers/Microsoft.PowerApps/apis/shared_sharepointonline","connectionName":"shared_sharepointonline","operationId":"GetItems"},"parameters":{"dataset":"https://vztp7.sharepoint.com/sites/patchexample1","table":"132ec31a-ec6a-4948-b96d-0ea28e3da4de","$filter":"Title eq '@{items('Apply_to_each')['HRMID']}'"},"authentication":{"value":"@json(decodeBase64(triggerOutputs().headers['X-MS-APIM-Tokens']))['$ConnectionKey']","type":"Raw"}}},"Condition":{"actions":{"Create_item":{"runAfter":{},"metadata":{"operationMetadataId":"3bedad56-2eb0-4172-8d44-c4f5ad5fd506"},"type":"OpenApiConnection","inputs":{"host":{"apiId":"/providers/Microsoft.PowerApps/apis/shared_sharepointonline","connectionName":"shared_sharepointonline","operationId":"PostItem"},"parameters":{"dataset":"https://vztp7.sharepoint.com/sites/patchexample1","table":"132ec31a-ec6a-4948-b96d-0ea28e3da4de","item/Title":"@items('Apply_to_each')['HRMID']","item/field_1":"@items('Apply_to_each')['Name']","item/field_3":"@items('Apply_to_each')['Email']","item/field_4":"@items('Apply_to_each')['EmploymentType']","item/field_5":"@items('Apply_to_each')['Group']"},"authentication":{"value":"@json(decodeBase64(triggerOutputs().headers['X-MS-APIM-Tokens']))['$ConnectionKey']","type":"Raw"}}}},"runAfter":{"Get_items":["Succeeded"]},"else":{"actions":{"Update_item":{"runAfter":{},"metadata":{"operationMetadataId":"105b4e7b-fe9e-4b5e-9a8e-2ed20b3a56f7"},"type":"OpenApiConnection","inputs":{"host":{"apiId":"/providers/Microsoft.PowerApps/apis/shared_sharepointonline","connectionName":"shared_sharepointonline","operationId":"PatchItem"},"parameters":{"dataset":"https://vztp7.sharepoint.com/sites/patchexample1","table":"132ec31a-ec6a-4948-b96d-0ea28e3da4de","id":"@outputs('Get_items')?['body/value']?[0]?['ID']","item/Title":"@items('Apply_to_each')['HRMID']","item/field_1":"@items('Apply_to_each')['Name']","item/field_3":"@items('Apply_to_each')['Email']","item/field_4":"@items('Apply_to_each')['EmploymentType']","item/field_5":"@items('Apply_to_each')['Group']","item/field_2":"@items('Apply_to_each')['Contact']"},"authentication":{"value":"@json(decodeBase64(triggerOutputs().headers['X-MS-APIM-Tokens']))['$ConnectionKey']","type":"Raw"}}}}},"expression":{"equals":["@length(outputs('Get_items')?['body/value'])",0]},"metadata":{"operationMetadataId":"fee3d461-9c80-452a-804a-ee76c2841335"},"type":"If"}},"runAfter":{"Parse_JSON":["Succeeded"]},"metadata":{"operationMetadataId":"5c36166f-d3c3-45a6-b673-92e9b9e93b42"},"type":"Foreach"}},"outputs":{}},"connectionReferences":{"shared_onedriveforbusiness":{"connectionName":"d35c5215cf9a4c3a80fe11491710e941","source":"Invoker","id":"/providers/Microsoft.PowerApps/apis/shared_onedriveforbusiness","tier":"NotSpecified"},"shared_sharepointonline":{"connectionName":"02e727edbd9c41b997c63f24711934fb","source":"Invoker","id":"/providers/Microsoft.PowerApps/apis/shared_sharepointonline","tier":"NotSpecified"}},"flowFailureAlertSubscribed":false,"isManaged":false}}